time,open,high,low,close,volume
1502942400,4261.48,4280.56,4261.48,4261.48,2.1890609999999997
1502942700,4261.48,4261.48,4261.48,4261.48,0
1502943000,4261.48,4261.48,4261.48,4261.48,0
1502943300,4261.48,4264.88,4261.48,4261.48,0.484666
1502943600,4264.88,4266.29,4264.88,4266.29,2.32857
1502943900,4266.29,4270.41,4261.32,4261.45,6.306629